QUERY,URL
artic wolf,https://images.pexels.com/photos/9877291/pexels-photo-9877291.jpeg?auto=compress&cs=tinysrgb&h=350
change in oxygen,https://images.pexels.com/photos/8413881/pexels-photo-8413881.jpeg?auto=compress&cs=tinysrgb&h=350
coniferous forest,https://images.pexels.com/photos/9787044/pexels-photo-9787044.jpeg?auto=compress&cs=tinysrgb&h=350
deer,https://images.pexels.com/photos/7708569/pexels-photo-7708569.jpeg?auto=compress&cs=tinysrgb&h=350
predation,https://images.pexels.com/photos/9877293/pexels-photo-9877293.jpeg?auto=compress&cs=tinysrgb&h=350
temperate forest,https://images.pexels.com/photos/12261422/pexels-photo-12261422.jpeg?auto=compress&cs=tinysrgb&h=350
tundra,https://images.pexels.com/photos/9877291/pexels-photo-9877291.jpeg?auto=compress&cs=tinysrgb&h=350temperate forest biome,https://images.pexels.com/photos/9787044/pexels-photo-9787044.jpeg?auto=compress&cs=tinysrgb&h=350
coniferous forest biome,https://images.pexels.com/photos/737586/pexels-photo-737586.jpeg?auto=compress&cs=tinysrgb&h=350
tundra biome,https://images.pexels.com/photos/9877291/pexels-photo-9877291.jpeg?auto=compress&cs=tinysrgb&h=350
